#node1	node2	node1_string_id	node2_string_id	neighborhood_on_chromosome	gene_fusion	phylogenetic_cooccurrence	homology	coexpression	experimentally_determined_interaction	database_annotated	automated_textmining	combined_score
STM0559	sipD	99287.STM0559	99287.STM2883	0	0	0	0	0	0	0	0.505	0.485
STM0559	sipC	99287.STM0559	99287.STM2884	0	0	0	0	0	0	0	0.579	0.556
STM3026	lpfD	99287.STM3026	99287.STM3637	0	0	0	0	0	0	0	0.609	0.585
acnB	lldP	99287.STM0158	99287.STM3692	0	0	0	0	0.442	0	0	0.106	0.478
acnB	metF	99287.STM0158	99287.STM4105	0.060	0	0	0	0.560	0	0	0.200	0.637
acrB	acrE	99287.STM0475	99287.STM3390	0.054	0	0.783	0	0	0.193	0	0.075	0.801
acrE	yegO	99287.STM3390	99287.STM2128	0.054	0	0.306	0	0	0.193	0	0.075	0.434
adiY	torD	99287.STM4295	99287.STM3821	0	0	0.428	0	0	0	0	0	0.412
adiY	yijO	99287.STM4295	99287.STM4117	0	0	0.478	0.107	0	0	0	0.222	0.527
aidB	fixB	99287.STM4377	99287.STM0076	0	0	0.182	0	0	0.218	0.205	0.082	0.465
aidB	ydiF	99287.STM4377	99287.STM1357	0.076	0	0	0	0	0	0.717	0.126	0.750
aidB	fadH	99287.STM4377	99287.STM3219	0.052	0	0.176	0	0	0.116	0.664	0	0.735
aidB	fadB	99287.STM4377	99287.STM3983	0.056	0	0.261	0	0	0.115	0.540	0.187	0.721
aidB	yjfL	99287.STM4377	99287.STM4374	0.593	0	0	0	0	0	0	0	0.593
aidB	yjfJ	99287.STM4377	99287.STM4371	0.561	0	0	0	0	0	0	0	0.561
allP	ybbY	99287.STM0522	99287.STM0524	0.116	0	0.384	0	0.206	0	0	0.537	0.757
allP	yggM	99287.STM0522	99287.STM3105	0	0	0	0	0	0	0	0.436	0.419
amiC	yibP	99287.STM2991	99287.STM3705	0	0	0.414	0	0.173	0	0.494	0.118	0.747
aphA	yiaE	99287.STM4249	99287.STM3646	0	0	0	0	0	0	0	0.839	0.806
aphA	tyrB	99287.STM4249	99287.STM4248	0.477	0	0	0	0	0	0	0.363	0.645
argG	purF	99287.STM3290	99287.STM2362	0.078	0	0.153	0	0.176	0	0.639	0.461	0.846
argG	ytfG	99287.STM3290	99287.STM4401	0.050	0	0.178	0	0	0.116	0.368	0.068	0.515
argG	argH	99287.STM3290	99287.STM4123	0.617	0	0.222	0	0.750	0	0.605	0.729	0.989
argG	purD	99287.STM3290	99287.STM4175	0.090	0	0	0	0.310	0	0.668	0.116	0.790
argG	purH	99287.STM3290	99287.STM4176	0.060	0	0	0	0.391	0	0	0.193	0.493
argH	purF	99287.STM4123	99287.STM2362	0.080	0	0.204	0	0.176	0	0	0.264	0.485
argH	aroC	99287.STM4123	99287.STM2384	0	0	0	0	0.513	0	0	0.182	0.581
argH	pyrE	99287.STM4123	99287.STM3733	0.378	0	0.155	0	0.237	0	0	0.552	0.785
argH	metF	99287.STM4123	99287.STM4105	0.152	0	0.184	0	0.207	0	0	0.179	0.481
argH	purD	99287.STM4123	99287.STM4175	0.078	0	0.261	0	0.175	0	0.652	0.094	0.787
argH	purH	99287.STM4123	99287.STM4176	0	0	0.153	0	0.175	0	0.642	0.334	0.806
argH	tyrB	99287.STM4123	99287.STM4248	0	0	0	0	0.078	0	0.541	0.072	0.572
argH	frdC	99287.STM4123	99287.STM4341	0	0	0	0	0	0	0.959	0	0.959
aroA	tyrB	99287.STM0978	99287.STM4248	0.073	0	0	0	0	0	0.541	0.148	0.603
aroA	aroC	99287.STM0978	99287.STM2384	0.249	0	0.471	0	0.175	0	0.900	0.603	0.983
aroA	idnK	99287.STM0978	99287.STM4485	0	0	0	0	0	0	0.666	0	0.666
aroA	fadH	99287.STM0978	99287.STM3219	0	0	0	0	0	0	0.465	0.242	0.572
aroC	purE	99287.STM2384	99287.STM0534	0	0	0.196	0	0	0	0	0.942	0.919
aroC	cvpA	99287.STM2384	99287.STM2363	0.617	0	0	0	0	0	0	0.178	0.669
aroC	yiaE	99287.STM2384	99287.STM3646	0.617	0	0	0	0	0	0	0.091	0.636
aroC	pyrE	99287.STM2384	99287.STM3733	0.068	0	0.193	0	0.319	0	0	0.138	0.493
aroC	purD	99287.STM2384	99287.STM4175	0	0	0	0	0.298	0	0	0.386	0.540
avrA	fimH	99287.STM2865	99287.STM0547	0	0	0	0	0	0	0	0.677	0.650
avrA	sopB	99287.STM2865	99287.STM1091	0	0	0	0	0	0	0	0.941	0.904
avrA	sipD	99287.STM2865	99287.STM2883	0	0	0	0	0	0	0	0.837	0.804
avrA	sipC	99287.STM2865	99287.STM2884	0	0	0	0	0	0	0	0.837	0.804
avrA	invA	99287.STM2865	99287.STM2896	0	0	0	0	0	0	0	0.846	0.812
avrA	misL	99287.STM2865	99287.STM3757	0	0	0	0	0	0	0	0.560	0.538
avrA	mgtC	99287.STM2865	99287.STM3764	0	0	0	0	0	0	0	0.839	0.806
bcfA	stfA	99287.STM0021	99287.STM0195	0	0	0.360	0.325	0	0	0	0.920	0.716
bcfA	safB	99287.STM0021	99287.STM0300	0	0	0.762	0	0	0	0	0	0.732
bcfA	stbC	99287.STM0021	99287.STM0338	0	0	0.677	0	0	0	0	0.072	0.661
bcfA	stbA	99287.STM0021	99287.STM0340	0	0	0.586	0.325	0	0	0	0.231	0.487
bcfA	spaO	99287.STM0021	99287.STM2891	0	0	0.450	0	0	0	0	0	0.433
bcfA	lpfD	99287.STM0021	99287.STM3637	0.073	0	0.262	0	0	0	0	0.471	0.588
bcfA	lpfC	99287.STM0021	99287.STM3638	0	0	0.763	0	0	0	0	0.072	0.741
bcfA	stjB	99287.STM0021	99287.STM4572	0	0	0.500	0	0	0	0	0	0.481
bcfA	sthA	99287.STM0021	99287.STM4594	0	0	0.778	0	0	0	0	0	0.747
bigA	yaiU	99287.STM3478	99287.STM0373	0	0	0.445	0	0	0	0	0	0.428
bigA	fimH	99287.STM3478	99287.STM0547	0	0	0	0	0	0	0	0.676	0.649
bigA	yeaJ	99287.STM3478	99287.STM1283	0	0	0.587	0	0	0	0	0	0.564
bigA	spaO	99287.STM3478	99287.STM2891	0	0	0.431	0	0	0	0	0	0.415
bigA	lpfD	99287.STM3478	99287.STM3637	0	0	0.597	0	0	0	0	0	0.574
bigA	yicH	99287.STM3478	99287.STM3748	0	0	0	0	0	0	0.404	0	0.404
bigA	rmbA	99287.STM3478	99287.STM3756	0	0	0.535	0	0	0	0	0	0.514
bigA	misL	99287.STM3478	99287.STM3757	0	0	0.698	0.066	0	0	0	0.138	0.687
bigA	marT	99287.STM3478	99287.STM3759	0	0	0.616	0	0	0	0	0	0.592
bigA	cysG	99287.STM3478	99287.STM3477	0.408	0	0	0	0	0	0.321	0	0.580
cpxA	phoB	99287.STM4058	99287.STM0397	0	0	0.229	0	0	0	0.416	0.522	0.753
cpxA	tctD	99287.STM4058	99287.STM2785	0	0	0.368	0	0	0	0	0.112	0.400
cpxA	yibK	99287.STM4058	99287.STM3695	0.405	0	0	0	0	0	0	0	0.404
csgB	yaiU	99287.STM1143	99287.STM0373	0	0	0.522	0	0	0	0	0	0.502
csgB	fimH	99287.STM1143	99287.STM0547	0	0	0.206	0	0	0	0	0.402	0.488
csgB	csgG	99287.STM1143	99287.STM1139	0.234	0	0.768	0	0.173	0	0	0.806	0.957
csgB	yhjO	99287.STM1143	99287.STM3619	0.051	0	0	0	0	0	0	0.849	0.817
csgB	wcaD	99287.STM1143	99287.STM2112	0	0	0.486	0	0	0	0	0.197	0.550
csgG	yaiU	99287.STM1139	99287.STM0373	0	0	0.457	0	0	0	0	0	0.439
cvpA	purE	99287.STM2363	99287.STM0534	0	0	0	0	0.454	0	0	0	0.454
cvpA	torA	99287.STM2363	99287.STM3822	0	0	0	0	0	0	0	0.526	0.506
cvpA	metB	99287.STM2363	99287.STM4100	0.617	0	0	0	0	0	0	0	0.617
cvpA	purH	99287.STM2363	99287.STM4176	0	0	0	0	0.721	0	0	0	0.721
cvpA	purF	99287.STM2363	99287.STM2362	0.758	0	0	0	0.195	0	0	0.442	0.878
cysG	metB	99287.STM3477	99287.STM4100	0.310	0	0	0	0.085	0	0	0.467	0.622
dcoC	pflF	99287.STM0766	99287.STM0843	0	0	0	0	0	0	0.650	0	0.650
dcoC	yegO	99287.STM0766	99287.STM2128	0	0	0	0	0	0	0	0.524	0.504
dcoC	tdcE	99287.STM0766	99287.STM3241	0	0	0	0	0	0	0.650	0.265	0.728
dgkA	gnd	99287.STM4236	99287.STM2081	0	0	0	0	0	0	0	0.521	0.501
dgkA	yhjO	99287.STM4236	99287.STM3619	0.060	0	0	0	0	0	0.498	0	0.507
dgkA	yjdB	99287.STM4236	99287.STM4293	0.114	0	0.309	0	0.313	0	0	0.140	0.581
dgt	metF	99287.STM0208	99287.STM4105	0.066	0	0	0	0	0.531	0	0	0.543
dnaJ	malT	99287.STM0013	99287.STM3515	0	0	0	0	0	0.467	0	0	0.467
dnaJ	radC	99287.STM0013	99287.STM3729	0.454	0	0	0	0	0	0	0	0.454
dnaJ	uvrD	99287.STM0013	99287.STM3951	0.060	0	0.272	0	0.141	0.189	0	0.152	0.513
dnaJ	hflC	99287.STM0013	99287.STM4364	0	0	0	0	0.175	0.091	0	0.648	0.692
fadB	phoB	99287.STM3983	99287.STM0397	0.048	0	0	0	0	0	0.427	0.084	0.455
fadB	pflF	99287.STM3983	99287.STM0843	0	0	0	0	0	0	0.869	0.076	0.873
fadB	ydiF	99287.STM3983	99287.STM1357	0.068	0	0	0	0	0	0.541	0.128	0.592
fadB	udg	99287.STM3983	99287.STM2080	0.050	0	0	0	0.073	0	0.536	0.069	0.568
fadB	tdcE	99287.STM3983	99287.STM3241	0	0	0	0	0	0	0.800	0.325	0.856
fadB	fadH	99287.STM3983	99287.STM3219	0.078	0	0.338	0	0.180	0	0.541	0.165	0.767
fadB	trkH	99287.STM3983	99287.STM3986	0.462	0	0	0	0	0	0	0	0.461
fadB	yihX	99287.STM3983	99287.STM4026	0	0	0	0	0	0	0.494	0	0.493
fadB	ilvD	99287.STM3983	99287.STM3904	0	0	0	0	0	0	0.407	0.094	0.438
fadH	metF	99287.STM3219	99287.STM4105	0.042	0	0	0	0	0	0.589	0.070	0.601
fdhD	hypE	99287.STM4038	99287.STM2858	0.047	0	0	0	0	0	0	0.524	0.507
fdhD	hybA	99287.STM4038	99287.STM3149	0	0	0	0	0	0	0.346	0.178	0.435
fdhD	purH	99287.STM4038	99287.STM4176	0.043	0	0	0	0	0	0	0.647	0.622
fepA	ybdZ	99287.STM0585	99287.STM0587	0.088	0	0.142	0	0.357	0	0	0	0.450
fidL	marT	99287.STM3758	99287.STM3759	0.842	0	0	0	0.350	0	0	0	0.892
fimH	safB	99287.STM0547	99287.STM0300	0	0	0	0	0	0	0	0.608	0.584
fimH	sipC	99287.STM0547	99287.STM2884	0	0	0	0	0	0	0	0.432	0.415
fimH	invA	99287.STM0547	99287.STM2896	0	0	0	0	0	0	0	0.430	0.414
fimH	lpfD	99287.STM0547	99287.STM3637	0	0	0	0.325	0	0	0	0.678	0.470
fimH	misL	99287.STM0547	99287.STM3757	0	0	0	0	0	0	0	0.839	0.806
fimH	yidZ	99287.STM0547	99287.STM3848	0	0	0.422	0	0	0	0	0	0.406
fixB	ydiF	99287.STM0076	99287.STM1357	0.058	0	0.302	0	0	0	0.656	0.070	0.757
focA	tdcE	99287.STM0974	99287.STM3241	0	0	0.196	0	0	0	0	0.721	0.740
fpr	frwC	99287.STM4084	99287.STM4112	0	0	0	0	0	0	0	0.437	0.420
frdC	ydiF	99287.STM4341	99287.STM1357	0	0	0	0	0	0	0.665	0	0.665
frdC	glpQ	99287.STM4341	99287.STM2282	0	0	0.357	0	0	0.190	0	0	0.445
frdC	hybC	99287.STM4341	99287.STM3147	0	0	0	0	0	0	0.970	0.097	0.971
frdC	hybB	99287.STM4341	99287.STM3148	0.050	0	0	0	0.190	0	0.873	0.102	0.900
frdC	hybA	99287.STM4341	99287.STM3149	0.050	0	0	0	0.295	0	0.873	0.110	0.913
frdC	tyrB	99287.STM4341	99287.STM4248	0	0	0	0	0	0	0.470	0	0.470
frwC	udg	99287.STM4112	99287.STM2080	0	0	0	0	0	0	0.644	0	0.644
frwC	ptsA	99287.STM4112	99287.STM4110	0.388	0	0.475	0	0	0	0.528	0	0.829
garD	gnd	99287.STM3250	99287.STM2081	0.058	0	0	0	0	0	0.666	0.076	0.683
garD	kduD	99287.STM3250	99287.STM3017	0.078	0	0.205	0	0	0	0.536	0.147	0.666
garD	ygcY	99287.STM3250	99287.STM2961	0.066	0	0.756	0	0.537	0	0	0	0.871
garD	gudT	99287.STM3250	99287.STM2962	0.075	0	0.544	0	0.175	0	0	0.096	0.626
garD	uxuA	99287.STM3250	99287.STM3135	0.244	0	0.220	0	0.171	0	0.664	0.072	0.817
garD	garL	99287.STM3250	99287.STM3249	0.074	0	0.322	0	0.551	0	0.800	0	0.934
garL	gip	99287.STM3249	99287.STM0518	0.045	0	0	0	0	0	0.631	0	0.632
garL	ygcY	99287.STM3249	99287.STM2961	0.074	0	0	0	0.565	0	0.959	0.839	0.996
garL	gudT	99287.STM3249	99287.STM2962	0.055	0	0	0	0.191	0	0	0.675	0.708
gcd	yeiA	99287.STM0169	99287.STM2187	0	0	0	0	0	0	0.460	0	0.459
gcd	yhjO	99287.STM0169	99287.STM3619	0	0	0	0	0.173	0	0	0.521	0.569
gcd	xylB	99287.STM0169	99287.STM3660	0.046	0	0	0	0	0	0	0.454	0.440
gcd	yidA	99287.STM0169	99287.STM3831	0	0	0	0	0	0	0.653	0	0.653
gcd	ilvD	99287.STM0169	99287.STM3904	0	0	0	0	0	0	0.444	0	0.444
gcd	yihX	99287.STM0169	99287.STM4026	0	0	0	0	0	0	0.873	0	0.873
gcd	ptsA	99287.STM0169	99287.STM4110	0.058	0	0	0	0	0	0.520	0	0.528
gip	xylB	99287.STM0518	99287.STM3660	0.075	0	0	0	0	0	0.468	0	0.486
gip	yiaE	99287.STM0518	99287.STM3646	0.060	0	0	0	0.057	0	0.765	0.104	0.787
glgB	otsA	99287.STM3538	99287.STM1928	0.117	0	0	0	0.109	0	0	0.428	0.497
glgB	rfbF	99287.STM3538	99287.STM2092	0.150	0	0	0	0	0	0.602	0.197	0.702
glgB	glgX	99287.STM3538	99287.STM3537	0.857	0	0.767	0.101	0.329	0	0.949	0.947	0.999
glgB	rfaG	99287.STM3538	99287.STM3722	0	0	0	0	0.070	0	0.658	0.046	0.670
glgX	otsA	99287.STM3537	99287.STM1928	0.059	0	0	0	0.110	0	0.423	0.171	0.542
glgX	rfbF	99287.STM3537	99287.STM2092	0	0	0	0	0	0	0.900	0.219	0.917
glgX	yihX	99287.STM3537	99287.STM4026	0	0	0	0	0	0	0.885	0	0.885
glpQ	pduF	99287.STM2282	99287.STM2037	0.083	0	0.173	0	0.325	0	0	0.139	0.494
glpQ	glpT	99287.STM2282	99287.STM2283	0.845	0	0.356	0	0.527	0	0	0.832	0.989
glpQ	yjjU	99287.STM2282	99287.STM4563	0	0	0	0	0	0	0.658	0	0.658
gnd	nagB	99287.STM2081	99287.STM0684	0	0	0	0	0.179	0	0	0.459	0.522
gnd	udg	99287.STM2081	99287.STM2080	0.367	0	0	0	0.087	0	0	0.295	0.550
gnd	purF	99287.STM2081	99287.STM2362	0	0	0	0	0.146	0	0	0.591	0.615
gnd	kduD	99287.STM2081	99287.STM3017	0.066	0	0	0	0	0	0.949	0.105	0.953
gnd	sgaH	99287.STM2081	99287.STM4386	0.047	0	0	0	0	0	0.539	0	0.541
gnd	uxuA	99287.STM2081	99287.STM3135	0.047	0	0	0	0	0	0.959	0.239	0.967
gnd	yiaE	99287.STM2081	99287.STM3646	0.082	0	0	0	0.068	0	0.776	0.090	0.801
gnd	xylB	99287.STM2081	99287.STM3660	0	0	0	0	0	0	0.873	0.228	0.896
gnd	idnK	99287.STM2081	99287.STM4485	0.114	0	0	0	0	0	0.952	0.568	0.979
gnd	ilvD	99287.STM2081	99287.STM3904	0	0	0	0	0	0	0.533	0	0.533
gor	yhiR	99287.STM3597	99287.STM3596	0.565	0	0	0	0.173	0	0	0.177	0.675
gor	prlC	99287.STM3597	99287.STM3594	0.540	0	0	0	0	0.201	0	0.088	0.634
gor	hflC	99287.STM3597	99287.STM4364	0.483	0	0	0	0	0	0.127	0.046	0.531
gor	katG	99287.STM3597	99287.STM4106	0.085	0	0	0	0	0	0	0.776	0.757
gudT	ygcY	99287.STM2962	99287.STM2961	0.845	0	0.672	0	0.192	0	0	0.838	0.990
hflC	mgtC	99287.STM4364	99287.STM3764	0	0	0	0	0	0.962	0	0	0.962
hha	lpp	99287.STM0473	99287.STM1377	0	0	0.708	0	0	0	0	0.072	0.690
hha	yqjK	99287.STM0473	99287.STM3231	0	0	0.655	0	0	0	0	0	0.629
hha	yjiW	99287.STM0473	99287.STM4523	0	0	0	0	0	0	0	0.520	0.500
hsdR	yiiG	99287.STM4526	99287.STM4040	0.047	0	0.585	0	0	0	0	0	0.565
hsdR	yjiW	99287.STM4526	99287.STM4523	0.299	0	0.203	0	0	0	0	0	0.412
hsdR	hsdS	99287.STM4526	99287.STM4524	0.504	0	0.773	0	0	0.464	0	0.825	0.983
hsdS	yjiW	99287.STM4524	99287.STM4523	0.461	0	0	0	0	0	0	0.229	0.562
hybA	hybC	99287.STM3149	99287.STM3147	0.850	0	0.436	0	0.288	0.191	0.415	0.106	0.967
hybA	hybE	99287.STM3149	99287.STM3145	0.845	0	0.726	0	0.310	0	0	0.135	0.968
hybA	hybD	99287.STM3149	99287.STM3146	0.845	0	0.469	0	0.181	0	0	0.150	0.932
hybA	hybB	99287.STM3149	99287.STM3148	0.845	0	0.772	0	0.444	0	0.649	0.584	0.995
hybB	hybC	99287.STM3148	99287.STM3147	0.850	0	0.601	0	0.386	0	0.432	0.119	0.976
hybB	hybE	99287.STM3148	99287.STM3145	0.845	0	0.779	0	0.357	0	0	0.368	0.981
hybB	hybD	99287.STM3148	99287.STM3146	0.845	0	0.652	0	0.442	0	0	0.160	0.969
hybC	hypD	99287.STM3147	99287.STM2857	0.075	0	0.683	0	0	0.206	0	0.074	0.734
hybC	hypE	99287.STM3147	99287.STM2858	0.075	0	0.692	0	0.173	0	0	0.117	0.742
hybC	hybE	99287.STM3147	99287.STM3145	0.845	0	0.697	0	0.459	0	0	0.094	0.971
hybC	hybD	99287.STM3147	99287.STM3146	0.845	0	0.784	0	0.471	0	0.132	0.122	0.981
hybD	hypD	99287.STM3146	99287.STM2857	0.114	0	0.607	0	0	0	0	0.230	0.688
hybD	hypE	99287.STM3146	99287.STM2858	0.114	0	0.612	0	0	0	0	0.177	0.671
hybD	hybE	99287.STM3146	99287.STM3145	0.845	0	0.737	0	0.458	0.332	0	0.157	0.983
hybE	hypE	99287.STM3145	99287.STM2858	0.275	0	0.150	0	0.173	0	0	0	0.442
hypD	hypE	99287.STM2857	99287.STM2858	0.845	0	0.785	0	0.458	0.693	0	0.778	0.998
hypE	purE	99287.STM2858	99287.STM0534	0	0	0	0	0	0	0.666	0	0.666
hypE	purD	99287.STM2858	99287.STM4175	0.070	0	0	0	0	0	0.642	0.086	0.668
idnK	kduD	99287.STM4485	99287.STM3017	0	0	0	0	0.173	0	0.448	0.144	0.573
idnK	uxuA	99287.STM4485	99287.STM3135	0.046	0	0	0	0	0	0.473	0	0.475
idnK	yiaE	99287.STM4485	99287.STM3646	0.069	0	0	0	0	0	0.900	0.170	0.915
idnK	ilvD	99287.STM4485	99287.STM3904	0.076	0	0	0	0	0	0.682	0.090	0.708
idnK	trkH	99287.STM4485	99287.STM3986	0	0	0	0	0	0	0.479	0	0.479
ilvD	tdcB	99287.STM3904	99287.STM3244	0.073	0	0.284	0	0	0	0.249	0.529	0.718
ilvD	ilvE	99287.STM3904	99287.STM3903	0.499	0	0	0	0.078	0.126	0.900	0.916	0.994
ilvE	pflF	99287.STM3903	99287.STM0843	0	0	0	0	0	0	0.877	0.073	0.880
ilvE	yeiA	99287.STM3903	99287.STM2187	0	0	0	0	0	0	0.470	0.074	0.487
ilvE	purF	99287.STM3903	99287.STM2362	0	0	0	0	0	0	0.451	0.095	0.480
ilvE	tdcE	99287.STM3903	99287.STM3241	0	0	0	0	0	0	0.800	0.298	0.851
ilvE	tdcB	99287.STM3903	99287.STM3244	0.077	0	0	0	0	0	0.912	0.509	0.954
ilvE	rfaG	99287.STM3903	99287.STM3722	0.405	0	0	0	0	0	0	0	0.404
ilvE	metB	99287.STM3903	99287.STM4100	0	0	0.232	0	0	0.120	0.900	0.171	0.935
ilvE	purD	99287.STM3903	99287.STM4175	0	0	0	0	0	0	0.640	0.069	0.650
ilvE	tyrB	99287.STM3903	99287.STM4248	0	0	0	0	0.196	0	0	0.568	0.619
invA	sopB	99287.STM2896	99287.STM1091	0.071	0	0	0	0.455	0	0	0.940	0.946
invA	ssaU	99287.STM2896	99287.STM1422	0.081	0	0.784	0	0	0	0	0.231	0.808
invA	sipD	99287.STM2896	99287.STM2883	0.340	0	0	0	0.455	0	0	0.695	0.870
invA	sipC	99287.STM2896	99287.STM2884	0.413	0	0	0	0.454	0	0	0.834	0.930
invA	spaO	99287.STM2896	99287.STM2891	0.778	0	0.242	0	0.671	0	0	0.683	0.978
invA	invJ	99287.STM2896	99287.STM2892	0.778	0	0	0	0.583	0	0	0.828	0.979
invA	invC	99287.STM2896	99287.STM2894	0.783	0	0.783	0	0.592	0	0	0.846	0.995
invA	invE	99287.STM2896	99287.STM2897	0.774	0	0.345	0	0.454	0	0	0.900	0.987
invA	misL	99287.STM2896	99287.STM3757	0	0	0	0	0	0	0	0.830	0.797
invA	mgtC	99287.STM2896	99287.STM3764	0	0	0	0	0	0	0	0.839	0.806
invC	sopB	99287.STM2894	99287.STM1091	0.055	0	0	0	0.406	0	0	0.360	0.601
invC	ssaU	99287.STM2894	99287.STM1422	0.074	0	0.778	0	0	0	0	0.369	0.836
invC	sipD	99287.STM2894	99287.STM2883	0.349	0	0	0	0.296	0	0	0.504	0.743
invC	sipC	99287.STM2894	99287.STM2884	0.442	0	0	0	0.202	0	0	0.675	0.830
invC	spaO	99287.STM2894	99287.STM2891	0.845	0	0.357	0	0.527	0	0	0.897	0.992
invC	invJ	99287.STM2894	99287.STM2892	0.845	0	0	0	0.569	0	0	0.839	0.985
invC	invE	99287.STM2894	99287.STM2897	0.714	0	0.470	0	0.459	0.205	0	0.700	0.973
invC	sopD	99287.STM2894	99287.STM2945	0	0	0	0	0.188	0.778	0	0	0.812
invE	sopB	99287.STM2897	99287.STM1091	0.113	0	0	0	0.450	0	0	0.267	0.606
invE	sipD	99287.STM2897	99287.STM2883	0.309	0	0	0	0.176	0	0	0.681	0.786
invE	sipC	99287.STM2897	99287.STM2884	0.385	0	0	0	0.175	0	0	0.686	0.812
invE	spaO	99287.STM2897	99287.STM2891	0.714	0	0.784	0	0.453	0	0	0.695	0.985
invE	invJ	99287.STM2897	99287.STM2892	0.714	0	0	0	0.454	0	0	0.831	0.965
invE	rmbA	99287.STM2897	99287.STM3756	0	0	0.446	0	0	0	0	0.230	0.537
invJ	sopB	99287.STM2892	99287.STM1091	0	0	0	0	0.454	0	0	0.360	0.628
invJ	sipD	99287.STM2892	99287.STM2883	0.349	0	0	0	0.454	0	0	0.837	0.924
invJ	sipC	99287.STM2892	99287.STM2884	0.442	0	0	0	0.406	0	0	0.848	0.933
invJ	spaO	99287.STM2892	99287.STM2891	0.845	0	0	0	0.659	0	0	0.892	0.991
iolE	xylB	99287.STM4424	99287.STM3660	0	0	0	0	0	0	0.873	0	0.873
katG	metF	99287.STM4106	99287.STM4105	0.495	0	0	0	0.069	0	0.639	0.212	0.847
katG	tyrB	99287.STM4106	99287.STM4248	0	0	0	0	0	0	0.959	0	0.959
kduD	uxuA	99287.STM3017	99287.STM3135	0.074	0	0.214	0	0	0	0.959	0.143	0.970
kduD	yiaE	99287.STM3017	99287.STM3646	0.095	0	0	0	0	0	0.541	0.105	0.594
kduD	xylB	99287.STM3017	99287.STM3660	0.053	0	0	0	0	0	0.455	0.095	0.490
lldP	yibK	99287.STM3692	99287.STM3695	0.643	0	0	0	0.409	0	0	0	0.779
lldP	metF	99287.STM3692	99287.STM4105	0.066	0	0	0	0.174	0	0	0.343	0.438
lpfC	stfA	99287.STM3638	99287.STM0195	0	0	0.470	0	0	0	0	0	0.452
lpfC	safB	99287.STM3638	99287.STM0300	0	0	0.770	0	0	0	0	0.074	0.748
lpfC	stbC	99287.STM3638	99287.STM0338	0	0	0.731	0.393	0	0	0	0	0.459
lpfC	stbA	99287.STM3638	99287.STM0340	0.054	0	0.420	0	0.165	0	0	0.080	0.508
lpfC	lpfD	99287.STM3638	99287.STM3637	0.806	0	0.370	0	0	0	0	0	0.869
lpfC	sthA	99287.STM3638	99287.STM4594	0	0	0.783	0	0	0	0	0	0.752
lpfD	spaO	99287.STM3637	99287.STM2891	0	0	0.426	0	0	0	0	0	0.410
lpfD	misL	99287.STM3637	99287.STM3757	0	0	0.353	0	0	0	0	0.438	0.602
lpfD	marT	99287.STM3637	99287.STM3759	0	0	0.558	0	0	0	0	0.369	0.688
lpp	yqjK	99287.STM1377	99287.STM3231	0	0	0.598	0	0	0	0	0	0.575
malT	yfiN	99287.STM3515	99287.STM2672	0.113	0	0	0	0	0.222	0.243	0	0.431
manA	nagB	99287.STM1467	99287.STM0684	0.066	0	0	0	0.052	0	0.900	0.342	0.932
manA	rfbF	99287.STM1467	99287.STM2092	0.091	0	0	0	0.252	0.172	0.733	0.164	0.850
manA	rfbC	99287.STM1467	99287.STM2094	0.081	0	0	0	0.133	0	0	0.563	0.602
manA	rfbA	99287.STM1467	99287.STM2095	0.066	0	0	0	0	0	0	0.555	0.546
marT	safB	99287.STM3759	99287.STM0300	0	0	0	0	0	0	0	0.520	0.500
marT	yeaJ	99287.STM3759	99287.STM1283	0	0	0.504	0	0	0	0	0	0.485
marT	rmbA	99287.STM3759	99287.STM3756	0.118	0	0.576	0	0	0	0	0.505	0.780
marT	misL	99287.STM3759	99287.STM3757	0	0	0.590	0	0	0	0	0.831	0.909
marT	slsA	99287.STM3759	99287.STM3761	0	0	0	0	0	0	0	0.832	0.799
marT	mgtC	99287.STM3759	99287.STM3764	0	0	0	0	0	0	0	0.578	0.555
marT	yshA	99287.STM3759	99287.STM4016	0	0	0.492	0	0	0	0	0	0.473
marT	stjB	99287.STM3759	99287.STM4572	0	0	0.431	0	0	0	0	0	0.415
metB	pflF	99287.STM4100	99287.STM0843	0	0	0	0	0	0	0.800	0	0.800
metB	purF	99287.STM4100	99287.STM2362	0.617	0	0	0	0.175	0.220	0	0.388	0.825
metB	tdcE	99287.STM4100	99287.STM3241	0	0	0	0	0	0	0.800	0.145	0.820
metB	tdcB	99287.STM4100	99287.STM3244	0.070	0	0.373	0	0	0	0.800	0.164	0.886
metB	metF	99287.STM4100	99287.STM4105	0.405	0	0	0	0.754	0.132	0	0.797	0.966
metB	purD	99287.STM4100	99287.STM4175	0.060	0	0	0	0	0	0.590	0.081	0.614
metB	tyrB	99287.STM4100	99287.STM4248	0.045	0	0	0	0	0	0.541	0.169	0.601
metF	rfaJ	99287.STM4105	99287.STM3717	0	0	0	0	0	0	0.500	0	0.499
metF	rfaI	99287.STM4105	99287.STM3718	0	0	0	0	0	0	0.500	0	0.499
metF	purH	99287.STM4105	99287.STM4176	0.061	0	0	0	0.198	0	0	0.295	0.414
metF	tyrB	99287.STM4105	99287.STM4248	0	0	0	0	0	0	0.581	0.236	0.662
mglA	proV	99287.STM2189	99287.STM2809	0	0	0	0.204	0	0	0.447	0.070	0.460
mglA	proW	99287.STM2189	99287.STM2810	0	0	0	0	0	0	0.447	0.068	0.461
mglA	ugpE	99287.STM2189	99287.STM3555	0	0	0	0	0.165	0	0.658	0.113	0.723
mgtB	ssaU	99287.STM3763	99287.STM1422	0	0	0	0	0.673	0	0	0.137	0.704
mgtB	pipB2	99287.STM3763	99287.STM2780	0	0	0	0	0.462	0	0	0.088	0.487
mgtB	virK	99287.STM3763	99287.STM2781	0	0	0	0	0.454	0	0	0.108	0.490
mgtB	zntA	99287.STM3763	99287.STM3576	0	0	0	0.235	0	0.106	0.439	0.070	0.489
mgtB	mgtC	99287.STM3763	99287.STM3764	0.081	0	0.292	0	0.681	0	0.728	0.232	0.947
mgtC	sopB	99287.STM3764	99287.STM1091	0	0	0	0	0	0	0	0.898	0.862
mgtC	ssaU	99287.STM3764	99287.STM1422	0	0	0	0	0.602	0	0	0.164	0.650
mgtC	pipB2	99287.STM3764	99287.STM2780	0	0	0	0	0.459	0	0	0	0.459
mgtC	virK	99287.STM3764	99287.STM2781	0	0	0.178	0	0.454	0	0	0.156	0.582
mgtC	zntA	99287.STM3764	99287.STM3576	0	0	0	0	0	0	0.368	0.101	0.405
mgtC	misL	99287.STM3764	99287.STM3757	0	0	0	0	0	0	0	0.520	0.500
mgtC	slsA	99287.STM3764	99287.STM3761	0	0	0	0	0	0	0	0.604	0.580
misL	yaiU	99287.STM3757	99287.STM0373	0	0	0.446	0.066	0	0	0	0.112	0.459
misL	sopB	99287.STM3757	99287.STM1091	0	0	0	0	0	0	0	0.835	0.802
misL	yeaJ	99287.STM3757	99287.STM1283	0	0	0.454	0	0	0	0	0	0.437
misL	rmbA	99287.STM3757	99287.STM3756	0.618	0	0.460	0	0	0	0	0.687	0.921
mtlA	ptsA	99287.STM3685	99287.STM4110	0.047	0	0	0	0	0	0.636	0.121	0.667
nagB	ptsA	99287.STM0684	99287.STM4110	0.047	0	0	0	0	0	0.380	0.070	0.401
nagB	nanK	99287.STM0684	99287.STM3336	0.333	0	0.165	0	0	0	0	0.839	0.881
nagB	xylB	99287.STM0684	99287.STM3660	0.072	0	0	0	0	0.123	0.307	0.072	0.405
nagB	purH	99287.STM0684	99287.STM4176	0.066	0	0	0	0	0.382	0	0.098	0.432
nanK	pduF	99287.STM3336	99287.STM2037	0	0	0	0	0	0	0	0.690	0.663
otsA	rfbG	99287.STM1928	99287.STM2091	0	0	0	0	0	0	0.833	0	0.833
otsA	rfbF	99287.STM1928	99287.STM2092	0	0	0	0	0	0	0.957	0	0.957
otsA	wcaK	99287.STM1928	99287.STM2101	0	0	0	0	0	0	0.626	0	0.626
otsA	ygaU	99287.STM1928	99287.STM2795	0.044	0	0	0	0.727	0	0	0.131	0.752
otsA	yhjO	99287.STM1928	99287.STM3619	0	0	0	0	0	0	0.900	0.100	0.905
otsA	proP	99287.STM1928	99287.STM4290	0	0	0	0	0.268	0	0	0.224	0.401
pflF	ydiF	99287.STM0843	99287.STM1357	0	0	0	0	0	0	0.541	0.055	0.547
pflF	tdcE	99287.STM0843	99287.STM3241	0	0	0.502	0.300	0	0	0.877	0.218	0.928
pflF	tdcB	99287.STM0843	99287.STM3244	0	0	0	0	0	0	0.877	0	0.877
pflF	yshA	99287.STM0843	99287.STM4016	0	0	0	0	0.406	0	0	0	0.406
pflF	yjjW	99287.STM0843	99287.STM4565	0	0	0.614	0	0	0	0.200	0	0.658
phoB	pstS	99287.STM0397	99287.STM3857	0.417	0	0	0	0.369	0	0	0.929	0.957
pipB2	ssaU	99287.STM2780	99287.STM1422	0	0	0	0	0.532	0	0	0	0.532
proP	proW	99287.STM4290	99287.STM2810	0	0	0	0	0	0	0	0.453	0.436
proV	proW	99287.STM2809	99287.STM2810	0.862	0	0.782	0	0.869	0.678	0.929	0.094	0.999
proV	ugpC	99287.STM2809	99287.STM3554	0	0	0	0.400	0	0	0.460	0.125	0.488
proV	ugpE	99287.STM2809	99287.STM3555	0	0	0	0	0	0	0.647	0.097	0.666
proV	yhhJ	99287.STM2809	99287.STM3585	0	0	0	0	0	0	0.488	0	0.487
proV	pstS	99287.STM2809	99287.STM3857	0	0	0	0	0	0	0.583	0.069	0.594
proW	ugpC	99287.STM2810	99287.STM3554	0	0	0	0	0	0	0.460	0.113	0.498
proW	ugpE	99287.STM2810	99287.STM3555	0	0	0	0.105	0	0	0.647	0.189	0.695
proW	yhhJ	99287.STM2810	99287.STM3585	0	0	0	0	0	0	0.488	0	0.487
proW	pstS	99287.STM2810	99287.STM3857	0	0	0	0	0	0	0.488	0.073	0.504
psiF	ygaU	99287.STM0384	99287.STM2795	0	0	0.254	0	0.452	0	0	0	0.568
psiF	stjC	99287.STM0384	99287.STM4573	0	0	0.446	0	0	0	0	0	0.429
pstS	ugpC	99287.STM3857	99287.STM3554	0	0	0	0	0	0	0.372	0.608	0.728
pstS	yhhJ	99287.STM3857	99287.STM3585	0	0	0	0	0	0	0.488	0.055	0.495
pstS	ugpE	99287.STM3857	99287.STM3555	0	0	0	0	0	0.198	0.488	0.295	0.680
ptr	yihX	99287.STM2995	99287.STM4026	0	0	0.226	0	0	0.124	0.199	0.045	0.406
ptsA	yijF	99287.STM4110	99287.STM4107	0.430	0	0	0	0	0	0	0	0.430
ptsA	yijO	99287.STM4110	99287.STM4117	0.051	0	0.441	0	0	0	0	0	0.430
purD	purE	99287.STM4175	99287.STM0534	0.417	0	0.768	0	0.110	0	0.873	0.832	0.995
purD	purF	99287.STM4175	99287.STM2362	0.234	0	0.717	0	0.978	0.310	0.900	0.888	0.999
purD	pyrE	99287.STM4175	99287.STM3733	0.378	0	0	0	0.179	0	0	0.286	0.597
purD	purH	99287.STM4175	99287.STM4176	0.837	0	0.711	0	0.990	0.321	0.782	0.904	0.999
purD	yjeK	99287.STM4175	99287.STM4333	0.049	0	0	0	0	0	0.587	0	0.590
purE	purF	99287.STM0534	99287.STM2362	0.301	0	0.727	0	0.727	0	0	0.704	0.978
purE	pyrE	99287.STM0534	99287.STM3733	0.104	0	0.163	0	0.171	0	0	0.531	0.653
purE	purH	99287.STM0534	99287.STM4176	0.279	0	0.659	0	0.128	0	0	0.579	0.884
purF	yeiA	99287.STM2362	99287.STM2187	0.046	0	0	0	0.178	0	0.479	0.100	0.581
purF	purH	99287.STM2362	99287.STM4176	0.178	0	0.523	0	0.798	0.414	0.658	0.706	0.993
purF	pyrE	99287.STM2362	99287.STM3733	0	0	0.400	0	0.179	0	0	0.570	0.752
purH	pyrE	99287.STM4176	99287.STM3733	0.051	0	0	0	0.238	0	0	0.263	0.413
pyrE	yeiA	99287.STM3733	99287.STM2187	0	0	0	0	0.179	0.131	0.873	0	0.901
pyrE	yibK	99287.STM3733	99287.STM3695	0.417	0	0	0	0	0	0	0	0.416
pyrE	sgaH	99287.STM3733	99287.STM4386	0.056	0	0	0	0	0	0.696	0	0.700
pyrE	yicC	99287.STM3733	99287.STM3735	0.438	0	0	0	0.267	0	0	0	0.570
rfaB	rfbA	99287.STM3719	99287.STM2095	0.109	0	0	0	0	0.190	0.215	0.100	0.420
rfaB	rfaJ	99287.STM3719	99287.STM3717	0.151	0	0.392	0	0.187	0	0.649	0.229	0.861
rfaB	rfaI	99287.STM3719	99287.STM3718	0.845	0	0.427	0	0.175	0	0.666	0.239	0.977
rfaB	rfaP	99287.STM3719	99287.STM3721	0.515	0	0	0	0.180	0	0.649	0.165	0.867
rfaB	rfaG	99287.STM3719	99287.STM3722	0.515	0	0.156	0	0.285	0	0.667	0.171	0.903
rfaG	rfbN	99287.STM3722	99287.STM2085	0	0	0	0	0	0	0	0.432	0.415
rfaG	rfaJ	99287.STM3722	99287.STM3717	0.114	0	0.584	0	0.175	0	0.802	0.450	0.957
rfaG	rfaI	99287.STM3722	99287.STM3718	0.514	0	0.491	0	0.186	0	0.873	0.230	0.975
rfaG	rfaP	99287.STM3722	99287.STM3721	0.845	0	0.783	0	0.174	0	0.959	0.722	0.999
rfaI	rfaJ	99287.STM3718	99287.STM3717	0.152	0	0.784	0.554	0.187	0.203	0.663	0.241	0.875
rfaI	rfaP	99287.STM3718	99287.STM3721	0.514	0	0.439	0	0.177	0.463	0.802	0.166	0.974
rfaJ	rfaP	99287.STM3717	99287.STM3721	0.114	0	0.564	0	0.179	0	0.670	0.528	0.936
rfbA	udg	99287.STM2095	99287.STM2080	0.617	0	0	0	0	0	0.501	0.669	0.925
rfbA	rfbN	99287.STM2095	99287.STM2085	0.360	0	0.164	0	0	0	0	0.833	0.883
rfbA	rfbU	99287.STM2095	99287.STM2086	0.339	0	0	0	0	0	0.215	0.172	0.529
rfbA	rfbF	99287.STM2095	99287.STM2092	0.845	0	0	0.167	0	0	0.498	0.543	0.954
rfbA	rfbH	99287.STM2095	99287.STM2090	0.531	0	0	0	0	0	0	0.152	0.583
rfbA	rfbC	99287.STM2095	99287.STM2094	0.845	0	0.769	0	0.426	0	0	0.849	0.995
rfbC	udg	99287.STM2094	99287.STM2080	0.417	0	0	0	0	0	0	0.692	0.796
rfbC	rfbN	99287.STM2094	99287.STM2085	0.337	0	0.262	0	0.173	0	0	0.568	0.789
rfbC	rfbU	99287.STM2094	99287.STM2086	0.333	0	0.159	0	0.175	0	0	0.065	0.506
rfbC	rfbF	99287.STM2094	99287.STM2092	0.889	0	0	0	0.176	0	0	0.691	0.966
rfbC	rfbG	99287.STM2094	99287.STM2091	0.410	0	0	0	0.176	0	0	0.449	0.699
rfbC	rfbH	99287.STM2094	99287.STM2090	0.607	0	0	0	0	0	0	0	0.607
rfbF	udg	99287.STM2092	99287.STM2080	0.074	0	0	0	0.185	0	0.782	0.188	0.847
rfbF	rfbU	99287.STM2092	99287.STM2086	0.232	0	0	0	0	0.100	0	0.301	0.466
rfbF	rfbV	99287.STM2092	99287.STM2087	0.049	0	0.529	0	0	0	0.178	0.254	0.671
rfbF	yhjO	99287.STM2092	99287.STM3619	0	0	0	0	0	0	0.903	0.092	0.907
rfbF	yihX	99287.STM2092	99287.STM4026	0.042	0	0	0	0	0	0.943	0.047	0.943
rfbF	rfbG	99287.STM2092	99287.STM2091	0.401	0	0.784	0	0.466	0	0.796	0.134	0.983
rfbF	rfbH	99287.STM2092	99287.STM2090	0.720	0	0.778	0	0.388	0	0	0.274	0.963
rfbG	rfbV	99287.STM2091	99287.STM2087	0.154	0	0.497	0	0	0	0	0.200	0.612
rfbG	yhjO	99287.STM2091	99287.STM3619	0	0	0	0	0	0	0.535	0	0.535
rfbG	rfbH	99287.STM2091	99287.STM2090	0.344	0	0.782	0	0.409	0	0.796	0.372	0.985
rfbH	rfbV	99287.STM2090	99287.STM2087	0.047	0	0.513	0	0	0	0	0.178	0.565
rfbN	rfbU	99287.STM2085	99287.STM2086	0.255	0	0	0	0.286	0	0	0.136	0.498
rfbU	yibD	99287.STM2086	99287.STM3707	0.166	0	0	0	0	0	0	0.328	0.405
rmbA	yaiU	99287.STM3756	99287.STM0373	0	0	0.464	0	0	0	0	0	0.446
rmbA	yeaJ	99287.STM3756	99287.STM1283	0	0	0.425	0	0	0	0	0	0.409
rmbA	spaO	99287.STM3756	99287.STM2891	0	0	0.589	0	0	0	0	0	0.566
rmbA	yshA	99287.STM3756	99287.STM4016	0	0	0.328	0	0.416	0	0	0	0.583
safA	safB	99287.STM0299	99287.STM0300	0.600	0	0	0	0.173	0.800	0	0.243	0.942
safB	stfA	99287.STM0300	99287.STM0195	0	0	0.455	0	0	0	0	0	0.438
safB	stbC	99287.STM0300	99287.STM0338	0	0	0.782	0	0.175	0	0	0.074	0.793
safB	stbA	99287.STM0300	99287.STM0340	0	0	0.748	0	0	0	0	0	0.719
safB	slsA	99287.STM0300	99287.STM3761	0	0	0.161	0	0	0	0	0.602	0.629
safB	stjB	99287.STM0300	99287.STM4572	0	0	0.598	0	0	0	0	0	0.575
safB	sthA	99287.STM0300	99287.STM4594	0	0	0.784	0.520	0.174	0	0	0	0.481
sdaC	yhjV	99287.STM2970	99287.STM3625	0	0	0.708	0.325	0	0	0	0.135	0.524
sgaB	yehE	99287.STM4384	99287.STM2153	0	0	0	0	0.448	0	0	0	0.448
sgaB	sgaH	99287.STM4384	99287.STM4386	0.808	0	0.767	0	0.583	0	0	0.206	0.980
sgaH	yehE	99287.STM4386	99287.STM2153	0	0	0	0	0.454	0	0	0	0.454
sgaH	uxuA	99287.STM4386	99287.STM3135	0.042	0	0	0	0	0	0.492	0	0.492
sgaH	xylB	99287.STM4386	99287.STM3660	0	0	0	0	0	0	0.514	0	0.514
sipC	sopB	99287.STM2884	99287.STM1091	0.074	0	0	0	0.197	0	0	0.941	0.922
sipC	sipD	99287.STM2884	99287.STM2883	0.631	0	0	0	0.681	0	0	0.957	0.989
sipC	spaO	99287.STM2884	99287.STM2891	0.442	0	0	0	0.454	0	0	0.686	0.887
sipD	sopB	99287.STM2883	99287.STM1091	0.073	0	0	0	0.271	0	0	0.838	0.856
sipD	spaO	99287.STM2883	99287.STM2891	0.349	0	0	0	0.458	0	0	0.712	0.878
sopB	spaO	99287.STM1091	99287.STM2891	0	0	0	0	0.454	0	0	0.079	0.474
spaO	virK	99287.STM2891	99287.STM2781	0	0	0.422	0	0	0	0	0	0.406
spaO	torD	99287.STM2891	99287.STM3821	0	0	0.436	0	0	0	0	0	0.419
speF	yjeK	99287.STM0701	99287.STM4333	0	0	0	0	0	0	0.530	0	0.530
ssaU	virK	99287.STM1422	99287.STM2781	0	0	0	0	0.450	0	0	0	0.450
stbA	stbC	99287.STM0340	99287.STM0338	0.657	0	0.782	0	0.165	0	0	0.121	0.928
stbA	sthA	99287.STM0340	99287.STM4594	0	0	0.649	0	0	0	0	0.075	0.636
stbC	stjC	99287.STM0338	99287.STM4573	0	0	0.417	0	0	0	0	0	0.401
stbC	sthA	99287.STM0338	99287.STM4594	0	0	0.774	0	0.185	0	0	0.156	0.807
stcA	yehE	99287.STM2152	99287.STM2153	0.425	0	0	0.325	0	0	0	0	0.424
stfA	stjC	99287.STM0195	99287.STM4573	0	0	0.500	0	0	0	0	0	0.481
sthA	stjB	99287.STM4594	99287.STM4572	0	0	0.635	0	0	0	0	0	0.610
stjB	stjC	99287.STM4572	99287.STM4573	0.617	0	0.483	0	0.176	0	0	0.294	0.862
tcp	zntA	99287.STM3577	99287.STM3576	0.468	0	0	0	0	0	0	0	0.468
tdcB	tdcD	99287.STM3244	99287.STM3242	0.604	0	0	0	0.174	0	0	0.541	0.829
tdcB	tdcE	99287.STM3244	99287.STM3241	0.533	0	0	0	0.293	0	0.800	0.327	0.948
tdcB	yiaE	99287.STM3244	99287.STM3646	0	0	0	0	0	0	0.912	0.046	0.912
tdcD	ydiF	99287.STM3242	99287.STM1357	0.054	0	0	0	0	0	0.445	0.073	0.470
tdcD	tdcE	99287.STM3242	99287.STM3241	0.738	0	0	0	0.471	0	0	0.306	0.893
tdcE	ydiF	99287.STM3241	99287.STM1357	0	0	0	0	0	0	0.665	0.055	0.669
tdcE	yjjW	99287.STM3241	99287.STM4565	0	0	0.763	0	0.173	0	0.200	0	0.808
torA	torD	99287.STM3822	99287.STM3821	0.845	0	0.636	0	0.196	0.196	0.800	0.086	0.991
torD	yidZ	99287.STM3821	99287.STM3848	0	0	0.563	0	0	0	0	0	0.541
trkH	ydhH	99287.STM3986	99287.STM1446	0.378	0	0	0	0	0	0	0.758	0.823
tyrB	xylB	99287.STM4248	99287.STM3660	0.043	0	0	0	0	0	0.494	0	0.495
udg	yibD	99287.STM2080	99287.STM3707	0.180	0	0	0	0.165	0	0.299	0.180	0.550
ugpC	ugpE	99287.STM3554	99287.STM3555	0.857	0	0.738	0	0.417	0.208	0.892	0.836	0.999
ugpE	yhhJ	99287.STM3555	99287.STM3585	0.051	0	0	0	0	0	0.488	0	0.493
wcaD	wcaK	99287.STM2112	99287.STM2101	0.274	0	0.775	0	0	0	0	0	0.806
wcaD	yhjO	99287.STM2112	99287.STM3619	0	0	0	0	0	0	0	0.832	0.799
xylB	yiaE	99287.STM3660	99287.STM3646	0	0	0	0	0.198	0	0.788	0	0.822
xylB	yiaB	99287.STM3660	99287.STM3659	0.488	0	0	0	0	0	0	0	0.487
yaiB	yqjK	99287.STM0383	99287.STM3231	0	0	0.437	0	0	0	0	0	0.420
ybbY	yggM	99287.STM0524	99287.STM3105	0	0	0	0	0	0	0	0.535	0.514
ybdO	yidZ	99287.STM0606	99287.STM3848	0	0	0.674	0.297	0	0	0	0	0.485
yeaJ	yjfJ	99287.STM1283	99287.STM4371	0	0	0.454	0	0	0	0	0	0.437
yeaJ	yfiN	99287.STM1283	99287.STM2672	0	0	0.687	0.121	0	0	0	0	0.608
yegO	yidY	99287.STM2128	99287.STM3847	0	0	0	0	0.173	0	0	0.705	0.722
yeiA	yiaE	99287.STM2187	99287.STM3646	0	0	0.165	0	0	0	0.363	0.044	0.443
ygiK	yiaM	99287.STM3171	99287.STM3671	0	0	0.729	0	0	0	0	0	0.700
yhjB	yhjO	99287.STM3606	99287.STM3619	0	0	0	0	0	0	0	0.687	0.660
yhjO	yhjS	99287.STM3619	99287.STM3622	0.497	0	0.752	0	0.175	0	0	0.163	0.890
yhjV	yjjI	99287.STM3625	99287.STM4566	0	0	0.517	0	0	0	0	0	0.497
yiaL	yiaM	99287.STM3669	99287.STM3671	0.658	0	0.157	0	0	0	0	0	0.697
yiaM	yiiG	99287.STM3671	99287.STM4040	0	0	0.365	0	0.175	0	0	0	0.442
yibP	yicC	99287.STM3705	99287.STM3735	0	0	0.391	0	0.176	0	0	0	0.464
yicE	yicH	99287.STM3747	99287.STM3748	0.543	0	0	0	0	0	0	0	0.543
yicH	yieM	99287.STM3748	99287.STM3878	0	0	0.609	0	0	0	0	0	0.585
yicH	yihX	99287.STM3748	99287.STM4026	0	0	0.434	0	0	0	0	0	0.417
yidY	yidZ	99287.STM3847	99287.STM3848	0.845	0	0.683	0	0	0	0	0	0.944
yidY	yjiW	99287.STM3847	99287.STM4523	0	0	0.410	0	0.198	0	0	0	0.493
yigF	yiiG	99287.STM3953	99287.STM4040	0	0	0.751	0	0	0	0	0	0.721
yigF	yjiW	99287.STM3953	99287.STM4523	0	0	0.611	0	0	0	0	0	0.587
yihO	yshA	99287.STM4017	99287.STM4016	0.651	0	0.573	0	0	0.330	0	0.173	0.900
yiiG	yjiW	99287.STM4040	99287.STM4523	0	0	0.564	0	0	0	0	0	0.542
yjfJ	yjfL	99287.STM4371	99287.STM4374	0.860	0	0.689	0	0	0	0	0	0.950
yjjI	yjjW	99287.STM4566	99287.STM4565	0.845	0	0.662	0	0.449	0	0	0	0.966
